ST_CASE,VE_TOTAL,PEDS,PERSONS,COUNTY,MONTH,DAY_WEEK,YEAR,HOUR,ROAD_FNC,ROUTE,LATITUDE,LONGITUD,HARM_EV,MAN_COLL,RELJCT2,TYP_INT,REL_ROAD,WRK_ZONE,LGT_COND,WEATHER,SCH_BUS,FATALS,DRUNK_DR,AGE,SEX_1,SEX_2,SEX_8,SEX_9,REST_MIS,DRUGS,BT_Sedan,BT_Pickup,BT_SUV_Van,BT_Motorcyle,BT_Truck,BT_Bus,BT_Unknown_Other,BT_Motorcycle,OOS_REG,TRAV_SP,DR_DRINK,PREV_ACC,PREV_DWI,PREV_SPD,SPEED_REL,VSPD_LIM,ACC_TYPE_A,ACC_TYPE_B,ACC_TYPE_C,ACC_TYPE_D,ACC_TYPE_E,ACC_TYPE_F,ACC_TYPE_G,ACC_TYPE_H,ACC_TYPE_I,ACC_TYPE_J,ACC_TYPE_K,ACC_TYPE_L,ACC_TYPE_M,MDRDSTRD,MVIOLATN
410001,2,0,2,33,1,3,2013,15,13,2,42.41853889,-123.3668778,12,6,2,2,1,0,1,1,0,1,0,60,1,1,0,0,0,9,0,0,1,0,0,0,0,1.0,0,999,0,0,0,1,0,45,0,0,0,0,0,0,0,0,0,1,0,0,0,99,0
410002,1,1,1,3,1,3,2013,12,4,4,44.49848611,-123.3614083,8,0,1,1,1,0,1,10,0,1,0,77,0,2,0,0,0,9,1,0,0,0,0,0,0,0.0,0,999,0,0,0,0,9,55,0,0,1,0,0,0,0,0,0,0,0,0,0,0,0
410003,1,0,4,51,1,4,2013,6,16,6,45.58666111,-122.6922722,43,0,1,1,4,0,3,2,0,1,1,33,4,0,0,0,0,9,0,0,0,0,0,0,0,0.0,1,68,1,0,0,0,1,0,0,1,0,0,0,0,0,0,0,0,0,0,0,99,1
410004,1,0,1,33,1,6,2013,21,4,3,42.43715,-123.4282278,17,0,1,1,4,0,2,5,0,1,1,36,1,0,0,0,0,9,1,0,0,0,0,0,0,0.0,0,999,1,1,0,0,1,0,0,1,0,0,0,0,0,0,0,0,0,0,0,99,0
410006,1,0,1,19,1,5,2013,11,1,1,42.76646944,-123.3328861,42,0,1,1,4,0,1,4,0,1,0,71,1,0,0,0,0,9,0,0,0,0,1,0,0,0.0,1,999,0,0,0,0,0,0,0,1,0,0,0,0,0,0,0,0,0,0,0,0,0
410007,2,0,6,29,1,6,2013,18,2,3,42.40892222,-122.5464611,12,6,1,1,1,0,2,10,0,2,0,27,4,2,0,0,0,9,0,1,1,0,0,0,0,0.0,0,999,0,1,0,1,1,0,0,0,0,0,0,0,0,0,1,0,0,0,0,99,0
410008,2,0,5,41,1,1,2013,10,2,2,44.47246667,-124.079825,54,11,1,1,1,0,1,1,0,2,0,42,1,4,0,0,0,9,0,1,1,0,0,0,0,0.0,0,999,0,0,0,0,0,0,0,0,0,0,0,0,0,0,0,0,0,0,1,99,0
410009,2,0,4,59,1,1,2013,10,3,3,45.68528611,-119.3756056,12,1,8,1,1,0,1,1,0,1,0,50,2,2,0,0,0,0,0,1,0,0,1,0,0,0.0,0,999,0,0,0,0,0,0,0,0,0,1,0,0,0,0,0,0,0,0,0,99,0
410010,1,0,6,43,1,1,2013,18,11,1,44.65179167,-123.0613194,1,0,1,1,3,0,2,1,0,1,0,24,5,1,0,0,0,9,0,0,1,0,0,0,0,0.0,0,999,0,0,0,0,0,65,0,1,0,0,0,0,0,0,0,0,0,0,0,99,0
410011,1,1,1,51,1,1,2013,17,13,6,45.53365278,-122.47725,8,0,3,3,1,0,3,1,0,1,0,57,1,1,0,0,0,9,1,0,0,0,0,0,0,0.0,0,999,0,0,0,0,0,0,0,0,1,0,0,0,0,0,0,0,0,0,0,99,0
410012,1,1,1,5,1,3,2013,20,13,3,45.42786667,-122.5662778,8,0,1,1,1,0,2,98,0,1,0,33,2,0,0,0,0,9,0,0,1,0,0,0,0,0.0,1,999,0,0,0,1,0,0,0,0,1,0,0,0,0,0,0,0,0,0,0,99,0
410013,2,0,2,29,1,4,2013,8,3,4,42.39945556,-122.8171056,12,6,1,1,1,0,1,10,0,1,0,22,0,2,0,0,0,0,2,0,0,0,0,0,0,0.0,0,999,0,0,0,0,1,0,0,0,0,0,0,0,0,0,1,0,0,0,0,99,0
410014,3,0,5,53,1,7,2013,18,2,3,45.00992222,-123.4126778,12,2,1,1,1,0,2,5,0,1,1,59,3,2,0,0,0,9,1,0,1,0,0,0,0,0.0,0,999,1,0,0,0,9,0,0,0,0,0,0,0,1,0,0,0,0,0,1,99,0
410015,2,2,7,51,1,1,2013,2,14,6,45.525225,-122.6754889,12,6,2,2,1,0,3,5,0,1,1,28,5,4,0,0,0,9,1,0,0,0,0,0,0,0.0,0,999,1,0,0,2,1,0,0,0,0,0,0,0,0,0,0,0,0,1,0,99,0
410016,1,0,2,51,1,4,2013,1,15,6,45.50489444,-122.6192556,30,0,1,1,4,0,3,10,0,1,1,43,2,0,0,0,0,9,1,0,0,0,0,0,0,0.0,0,999,1,0,0,0,1,0,1,0,0,0,0,0,0,0,0,0,0,0,0,99,1
410017,2,0,3,67,1,4,2013,15,14,6,45.55003889,-122.973575,12,2,1,1,1,0,1,10,0,1,0,47,2,1,0,0,0,0,1,0,0,0,0,1,0,0.0,0,999,0,0,0,0,0,0,0,0,0,0,0,0,1,0,0,0,0,0,0,99,0
410018,1,0,1,3,1,7,2013,5,13,2,44.55454722,-123.2895667,30,0,3,2,4,0,2,1,0,1,0,23,1,0,0,0,0,9,0,0,1,0,0,0,0,0.0,0,999,0,0,0,1,0,0,0,1,0,0,0,0,0,0,0,0,0,0,0,99,0
410019,1,0,1,29,1,3,2013,3,13,3,42.263,-122.8036722,30,0,1,1,4,0,2,2,0,1,1,24,1,0,0,0,0,9,0,0,1,0,0,0,0,0.0,0,999,1,0,0,0,9,0,1,0,0,0,0,0,0,0,0,0,0,0,0,99,0
410020,1,1,3,51,1,3,2013,17,13,6,45.52643056,-122.5834806,8,0,3,2,1,0,3,10,0,1,0,15,1,3,0,0,0,9,0,0,1,0,0,0,0,0.0,0,999,0,0,0,1,0,0,0,0,1,0,0,0,0,0,0,0,0,0,0,0,0
410021,1,0,1,57,2,7,2013,99,4,3,45.70115,-123.8800056,1,0,1,1,4,0,2,99,0,1,1,36,1,0,0,0,0,9,1,0,0,0,0,0,0,0.0,0,999,1,0,0,0,9,0,1,0,0,0,0,0,0,0,0,0,0,0,0,99,0
410022,2,0,7,43,2,2,2013,16,3,4,44.28525833,-123.1277556,12,6,2,2,1,0,1,10,0,1,0,25,2,5,0,0,0,9,1,0,1,0,0,0,0,0.0,0,999,0,0,0,0,0,0,0,0,0,0,0,0,0,0,0,0,0,1,0,99,0
410023,1,0,1,51,2,3,2013,16,14,6,45.50561944,-122.4966556,31,0,1,1,5,0,1,2,0,1,0,60,0,1,0,0,0,0,1,0,0,0,0,0,0,0.0,0,999,0,1,0,1,1,0,0,1,0,0,0,0,0,0,0,0,0,0,0,99,0
410024,1,0,1,41,2,3,2013,14,4,4,44.71687778,-123.8802833,1,0,1,1,5,0,1,2,0,1,0,83,1,0,0,0,0,9,1,0,0,0,0,0,0,0.0,0,999,0,0,0,0,1,99,1,0,0,0,0,0,0,0,0,0,0,0,0,99,0
410025,1,0,2,33,2,4,2013,13,2,2,42.05390833,-123.7125361,42,0,1,1,4,0,1,1,0,2,1,70,1,1,0,0,0,9,0,1,0,0,0,0,0,0.0,1,999,1,0,0,0,1,0,0,1,0,0,0,0,0,0,0,0,0,0,0,99,0
410026,2,0,3,15,2,5,2013,18,2,2,42.38858889,-124.4226944,12,1,1,1,1,0,2,2,0,1,0,56,2,1,0,0,0,0,1,0,1,0,0,0,0,0.0,0,999,0,0,0,1,0,0,0,0,0,1,0,0,0,0,0,0,0,0,0,99,0
410027,1,0,2,11,2,1,2013,8,2,2,43.58891111,-124.1836361,42,0,1,1,4,0,1,10,0,1,0,60,1,1,0,0,0,9,0,1,0,0,0,0,0,0.0,0,999,0,0,0,0,0,0,1,0,0,0,0,0,0,0,0,0,0,0,0,99,0
410028,1,0,1,29,2,3,2013,18,2,3,42.34078889,-122.9190278,30,0,1,1,4,0,2,1,0,1,0,54,1,0,0,0,0,9,0,0,0,0,0,0,0,1.0,0,999,0,0,0,0,1,0,1,0,0,0,0,0,0,0,0,0,0,0,0,99,0
410029,1,1,1,51,2,5,2013,5,15,6,45.49032222,-122.6497083,8,0,1,1,1,0,3,10,0,1,0,56,2,0,0,0,0,9,0,0,1,0,0,0,0,0.0,0,999,0,0,0,0,9,0,0,0,1,0,0,0,0,0,0,0,0,0,0,99,7
410030,1,0,4,51,2,7,2013,20,15,6,45.51149722,-122.549275,42,0,1,1,5,0,3,10,0,1,1,999,2,1,0,1,0,9,1,0,0,0,0,0,0,0.0,0,999,1,0,0,2,1,0,1,0,0,0,0,0,0,0,0,0,0,0,0,99,0
410031,1,0,1,5,2,4,2013,2,11,1,45.35658611,-122.6193222,35,0,1,1,4,0,3,1,0,1,1,36,1,0,0,0,0,9,1,0,0,0,0,0,0,0.0,0,999,1,0,0,1,1,0,1,0,0,0,0,0,0,0,0,0,0,0,0,99,0
410032,1,1,1,67,2,2,2013,18,13,3,45.52141667,-122.9635944,8,0,1,1,1,0,2,10,0,1,0,48,2,0,0,0,0,9,1,0,0,0,0,0,0,0.0,0,999,0,0,0,0,0,0,0,0,1,0,0,0,0,0,0,0,0,0,0,99,0
410033,1,1,1,47,2,2,2013,19,13,6,44.95973889,-122.9836056,8,0,1,1,1,0,3,1,0,1,0,44,1,1,0,0,0,9,0,0,1,0,0,0,0,0.0,0,999,0,0,0,0,0,0,0,0,1,0,0,0,0,0,0,0,0,0,0,99,0
410034,1,1,1,7,2,4,2013,13,2,2,45.81900278,-123.9610917,8,0,1,1,1,0,1,2,0,1,0,45,1,1,0,0,0,9,1,0,0,0,0,0,0,0.0,0,999,0,0,0,0,0,0,0,0,1,0,0,0,0,0,0,0,0,0,0,99,0
410035,2,0,2,59,2,4,2013,15,6,4,45.73242778,-118.7662083,12,6,2,2,1,0,1,10,0,1,0,37,1,1,0,0,0,0,1,1,0,0,0,0,0,0.0,1,999,0,0,0,1,0,0,0,0,0,0,0,0,0,0,0,0,0,1,0,99,0
410036,1,0,1,39,2,5,2013,18,6,4,43.75035278,-122.987875,42,0,1,1,4,0,2,2,0,1,0,68,1,0,0,0,0,9,0,1,0,0,0,0,0,0.0,0,999,0,1,0,0,0,0,1,0,0,0,0,0,0,0,0,0,0,0,0,99,0
410037,1,1,1,51,2,5,2013,19,15,6,45.48368889,-122.5235778,8,0,1,1,1,0,3,10,0,1,0,36,0,2,0,0,0,0,0,0,1,0,0,0,0,0.0,0,999,0,0,0,0,0,0,0,0,1,0,0,0,0,0,0,0,0,0,0,99,0
410038,2,0,4,33,1,2,2013,17,2,2,42.22103056,-123.6476194,12,2,1,1,1,0,2,1,0,1,1,38,2,2,0,0,0,9,1,1,0,0,0,0,0,0.0,0,999,1,0,0,1,0,0,0,0,0,0,0,0,1,0,0,0,0,0,0,99,0
410039,2,0,2,19,3,1,2013,4,1,1,42.96391944,-123.3323611,12,2,1,1,1,0,2,10,0,1,2,35,2,0,0,0,0,9,1,0,1,0,0,0,0,0.0,0,999,1,0,0,0,1,0,0,0,0,0,0,0,1,0,0,0,0,0,0,99,0
410040,2,1,2,29,3,1,2013,20,14,4,42.41114167,-122.8853528,8,0,3,2,1,0,2,1,0,1,0,31,3,0,0,0,0,9,2,0,0,0,0,0,0,0.0,0,999,0,0,0,0,0,0,0,0,1,0,0,0,0,0,0,0,0,0,1,99,0
410041,1,0,1,51,3,1,2013,19,14,6,45.55589444,-122.6927389,30,0,1,1,4,0,3,10,0,1,1,47,1,0,0,0,0,9,0,0,0,0,0,0,0,1.0,0,999,1,0,0,0,0,0,1,0,0,0,0,0,0,0,0,0,0,0,0,99,0
410042,2,0,6,51,3,7,2013,16,15,6,45.49336944,-122.6366222,12,6,2,2,1,0,1,1,0,2,1,40,4,2,0,0,0,9,1,0,1,0,0,0,0,0.0,1,999,1,0,0,1,0,0,0,0,0,0,0,0,0,0,0,0,0,1,0,99,0
410043,1,0,1,19,3,3,2013,16,3,3,43.29886944,-122.904,42,0,1,1,4,0,1,1,0,1,0,74,1,0,0,0,0,9,0,0,1,0,0,0,0,0.0,0,999,0,0,0,0,0,0,0,1,0,0,0,0,0,0,0,0,0,0,0,99,0
410044,1,0,1,47,3,5,2013,0,4,4,44.73247222,-123.0215361,30,0,1,1,4,0,2,1,0,1,1,26,1,0,0,0,0,9,1,0,0,0,0,0,0,0.0,0,999,1,0,1,0,1,0,0,1,0,0,0,0,0,0,0,0,0,0,0,99,0
410045,1,1,1,35,3,6,2013,19,13,3,42.20646111,-121.7205583,8,0,1,1,1,0,2,10,0,1,0,61,1,1,0,0,0,9,0,0,1,0,0,0,0,0.0,0,999,0,0,0,0,0,0,0,0,1,0,0,0,0,0,0,0,0,0,0,99,0
410047,3,0,3,53,3,6,2013,7,2,3,44.93298333,-123.1452944,12,2,1,1,1,0,4,1,0,1,0,42,2,1,0,0,0,0,1,1,1,0,0,0,0,0.0,0,999,0,0,0,1,1,0,0,0,0,0,0,0,1,0,0,0,0,0,1,99,0
410048,2,0,3,39,3,6,2013,15,4,4,43.91767778,-123.0414389,12,2,1,1,1,0,1,10,0,1,0,32,2,1,0,0,0,9,1,1,0,0,0,0,0,0.0,0,999,0,0,0,0,9,0,0,0,0,0,0,0,1,0,0,0,0,0,0,99,0
410049,2,0,2,67,3,1,2013,8,3,3,45.44294167,-122.9851778,12,6,2,3,1,0,1,1,0,1,0,39,2,0,0,0,0,9,2,0,0,0,0,0,0,0.0,1,999,0,0,0,0,9,0,0,0,0,0,0,0,0,0,0,0,1,0,0,99,0
410050,4,0,5,67,3,5,2013,16,12,3,45.46966944,-122.7859556,12,1,1,1,1,0,1,10,0,1,0,59,4,1,0,0,0,9,2,1,1,0,0,0,0,0.0,0,999,0,0,0,0,0,0,0,0,0,1,0,0,0,0,0,0,0,0,1,99,0
410051,1,0,1,39,3,6,2013,21,5,6,44.21652222,-123.2066861,42,0,3,3,4,1,3,1,0,1,1,23,1,0,0,0,0,9,0,1,0,0,0,0,0,0.0,0,999,1,1,0,0,1,0,0,0,1,0,0,0,0,0,0,0,0,0,0,99,0
410052,1,0,1,5,3,7,2013,20,16,6,45.14554167,-122.5771389,42,0,1,1,5,0,2,1,0,1,1,33,1,0,0,0,0,9,0,0,1,0,0,0,0,0.0,1,999,1,0,0,0,9,0,1,0,0,0,0,0,0,0,0,0,0,0,0,99,0
410053,2,0,2,67,3,1,2013,13,3,4,45.456075,-122.9022139,12,6,8,1,1,0,1,1,0,1,0,75,1,1,0,0,1,0,1,0,0,0,0,0,0,1.0,0,999,0,0,0,0,0,0,0,0,0,0,0,0,0,0,0,1,0,0,0,99,0
410054,1,1,1,67,4,5,2013,17,15,4,45.48383333,-122.8426972,33,0,1,1,4,0,1,10,0,1,0,35,1,1,0,0,0,9,1,0,0,0,0,0,0,0.0,0,999,0,0,0,0,0,0,0,1,0,0,0,0,0,0,0,0,0,0,0,99,1
410056,1,0,2,57,4,3,2013,14,2,2,45.78064167,-123.3470861,42,0,1,1,4,0,1,1,0,1,0,65,1,1,0,0,1,9,1,0,0,0,0,0,0,0.0,0,999,0,0,0,0,0,0,0,1,0,0,0,0,0,0,0,0,0,0,0,99,0
410057,2,0,2,19,4,5,2013,15,2,3,43.14805556,-123.3751972,12,6,1,1,1,0,1,1,0,1,0,56,1,1,0,0,0,0,0,1,1,0,0,0,0,0.0,0,999,0,0,0,0,0,0,0,0,0,0,0,0,0,0,1,0,0,0,0,99,0
410058,1,1,4,51,4,7,2013,19,13,6,45.50411944,-122.5168306,8,0,1,1,1,0,5,1,0,1,0,27,3,2,0,0,0,9,1,0,0,0,0,0,0,0.0,0,999,0,0,0,0,1,0,0,0,1,0,0,0,0,0,0,0,0,0,0,99,0
410059,1,0,1,39,4,4,2013,4,2,3,44.05261667,-123.2665944,42,0,1,1,4,0,2,10,0,1,1,27,1,0,0,0,0,9,0,0,1,0,0,0,0,0.0,0,999,1,1,0,0,9,0,0,1,0,0,0,0,0,0,0,0,0,0,0,99,0
410060,1,0,1,67,2,4,2013,8,15,6,45.42763333,-122.758025,30,0,1,1,4,0,1,10,0,1,0,71,1,0,0,0,0,9,0,1,0,0,0,0,0,0.0,0,999,0,1,0,0,0,0,1,0,0,0,0,0,0,0,0,0,0,0,0,0,0
410061,3,0,6,7,4,6,2013,18,2,2,45.90516111,-123.7501,12,2,1,1,1,0,1,10,0,2,0,40,4,2,0,0,0,1,3,0,0,0,0,0,0,0.0,0,999,0,0,0,0,0,0,0,0,0,0,0,0,1,0,0,0,0,0,1,99,0
410062,2,0,5,43,4,4,2013,17,2,2,44.42388333,-122.7746556,12,2,2,3,1,0,1,1,0,1,0,33,4,1,0,0,0,9,2,0,0,0,0,0,0,0.0,0,999,0,0,0,0,0,0,0,0,0,0,0,0,0,0,0,1,0,0,0,99,0
410063,2,0,3,51,4,1,2013,0,14,6,45.519025,-122.5377778,12,6,2,2,1,0,3,10,0,1,2,25,1,2,0,0,0,9,2,0,0,0,0,0,0,0.0,1,999,1,1,0,3,0,0,0,0,0,0,0,0,0,0,0,1,0,0,0,99,11
410064,2,0,3,71,3,3,2013,21,2,3,45.20089167,-123.139525,12,2,1,1,1,0,2,2,0,1,0,28,2,1,0,0,0,9,1,0,0,0,1,0,0,0.0,0,999,0,0,0,0,0,0,0,0,0,0,0,0,1,0,0,0,0,0,0,99,0
410065,2,0,7,7,4,1,2013,17,2,2,46.17000833,-123.4360389,12,2,1,1,1,0,1,1,0,2,0,22,5,2,0,0,0,9,2,0,0,0,0,0,0,0.0,1,999,0,0,0,2,1,0,0,0,0,0,0,0,1,0,0,0,0,0,0,99,0
410066,1,0,2,47,5,4,2013,15,6,7,44.84231111,-123.0072667,38,0,1,1,4,0,1,1,0,1,1,52,1,1,0,0,0,9,0,1,0,0,0,0,0,0.0,0,999,1,3,0,1,1,99,1,0,0,0,0,0,0,0,0,0,0,0,0,99,0
410067,2,0,2,29,5,6,2013,23,1,1,42.12843056,-122.6302972,12,2,1,1,1,0,3,1,0,1,1,38,2,0,0,0,0,9,1,1,0,0,0,0,0,0.0,1,999,1,0,0,0,0,0,0,0,0,0,0,0,1,0,0,0,0,0,0,99,0
410068,1,0,1,17,5,5,2013,17,15,4,43.6865,-121.4988972,42,0,1,1,4,0,1,10,0,1,0,81,1,0,0,0,0,0,1,0,0,0,0,0,0,0.0,0,999,0,0,0,0,9,0,0,1,0,0,0,0,0,0,0,0,0,0,0,99,0
410069,1,0,2,39,5,7,2013,4,3,4,44.13998611,-123.1482278,1,0,1,1,1,0,3,1,0,2,1,34,2,0,0,0,0,9,1,0,0,0,0,0,0,0.0,0,999,1,0,0,1,1,0,0,0,0,0,0,0,0,0,0,0,0,0,1,99,0
410070,1,4,2,39,5,7,2013,21,4,4,44.00076389,-122.9069444,1,0,1,1,5,0,3,1,0,1,1,45,4,2,0,0,0,9,1,0,0,0,0,0,0,0.0,0,999,1,0,0,0,1,0,0,1,0,0,0,0,0,0,0,0,0,0,0,99,0
410071,1,0,3,5,5,6,2013,23,3,4,45.24244722,-122.6870417,30,0,1,1,4,0,3,1,0,1,1,17,3,0,0,0,0,9,1,0,0,0,0,0,0,0.0,0,999,1,0,0,1,0,0,1,0,0,0,0,0,0,0,0,0,0,0,0,99,0
410072,1,0,2,51,5,1,2013,4,15,6,45.52470556,-122.6535944,30,0,1,1,4,0,2,10,0,1,0,59,1,1,0,0,1,0,0,0,1,0,0,0,0,0.0,0,999,0,0,0,1,0,0,1,0,0,0,0,0,0,0,0,0,0,0,0,99,0
410073,1,1,1,41,5,3,2013,9,2,2,44.91856111,-124.0093,8,0,1,1,1,0,1,1,0,1,0,46,2,0,0,0,0,9,0,1,0,0,0,0,0,0.0,0,999,0,0,0,2,0,0,0,0,1,0,0,0,0,0,0,0,0,0,0,99,1
410074,2,0,5,47,4,2,2013,20,2,4,45.22865833,-122.8784972,12,6,2,2,1,0,2,1,0,1,0,39,2,3,0,0,0,0,1,1,0,0,0,0,0,0.0,0,999,0,0,0,1,0,0,0,0,0,0,0,0,0,0,0,1,0,0,0,99,0
410075,2,0,2,51,5,3,2013,18,13,2,45.47701944,-122.3969389,12,6,2,2,1,0,1,1,0,1,0,45,2,0,0,0,0,0,2,0,0,0,0,0,0,0.0,0,999,0,0,0,0,1,0,0,0,0,0,0,0,0,0,0,1,0,0,0,99,0
410076,1,0,1,51,5,3,2013,22,13,3,45.47162778,-122.6805361,30,0,1,1,4,0,3,10,0,1,1,45,1,0,0,0,0,9,1,0,0,0,0,0,0,0.0,0,999,1,0,0,3,1,0,1,0,0,0,0,0,0,0,0,0,0,0,0,99,0
410077,2,0,2,45,5,5,2013,9,2,2,43.98870833,-117.0057083,12,6,2,2,1,0,1,10,0,1,0,36,1,1,0,0,0,9,1,0,0,0,1,0,0,0.0,1,999,0,0,0,0,0,0,0,0,0,0,0,0,0,0,0,1,0,0,0,99,0
410078,1,1,1,67,5,7,2013,0,3,3,45.45398056,-122.9911667,8,0,1,1,1,0,2,98,0,1,0,32,1,1,0,0,0,9,0,0,1,0,0,0,0,0.0,0,999,0,0,0,0,0,0,0,0,1,0,0,0,0,0,0,0,0,0,0,99,0
410079,1,0,1,57,5,2,2013,6,2,2,45.55785278,-123.8967583,35,0,1,1,4,0,4,10,0,1,1,20,1,0,0,0,0,9,0,1,0,0,0,0,0,0.0,0,999,1,0,0,0,1,0,0,1,0,0,0,0,0,0,0,0,0,0,0,99,0
410080,2,0,2,39,5,5,2013,20,2,3,44.05268611,-123.3058194,12,2,1,1,1,0,1,10,0,1,0,37,2,0,0,0,1,9,1,0,0,0,1,0,0,0.0,0,999,0,0,0,0,0,0,0,0,0,0,0,0,1,0,0,0,0,0,0,99,0
410081,1,0,1,39,5,7,2013,6,4,8,43.97345833,-122.5719944,35,0,1,1,5,0,1,1,0,1,1,22,1,0,0,0,0,9,0,0,0,0,0,0,1,0.0,1,999,1,0,0,0,1,0,0,1,0,0,0,0,0,0,0,0,0,0,0,99,0
410082,2,0,6,59,5,7,2013,15,4,4,45.90869722,-119.1666917,1,0,1,1,1,0,1,1,0,1,1,19,3,3,0,0,1,9,2,0,0,0,0,0,0,0.0,1,999,1,0,0,0,1,0,0,0,0,0,0,0,0,0,0,0,0,0,1,99,0
410083,1,0,1,5,5,7,2013,15,14,6,45.37108889,-122.5850694,24,0,1,1,4,0,1,1,0,1,0,58,1,0,0,0,0,0,0,0,0,0,0,0,0,1.0,0,999,0,0,0,1,0,0,0,1,0,0,0,0,0,0,0,0,0,0,0,99,0
410084,2,0,3,67,5,1,2013,15,3,3,45.46655556,-123.0026,12,6,2,3,1,0,1,10,0,2,0,38,2,1,0,0,0,9,1,1,0,0,0,0,0,0.0,0,999,0,0,0,0,9,0,0,0,0,0,0,0,0,0,0,0,0,1,0,99,0
410085,2,0,3,51,5,1,2013,2,14,6,45.51288611,-122.6455889,12,6,2,2,1,0,3,2,0,1,2,27,2,1,0,0,0,9,0,1,1,0,0,0,0,0.0,0,999,1,1,0,0,0,99,0,0,0,0,0,0,0,0,0,0,0,1,0,99,11
410086,3,0,4,39,5,3,2013,12,2,3,43.67969722,-122.2445556,12,6,1,1,1,0,1,10,0,1,0,54,3,1,0,0,0,0,0,2,0,0,1,0,0,0.0,1,999,0,0,0,0,1,0,0,0,0,0,0,0,0,0,1,0,0,0,1,99,0
410087,1,0,1,17,5,4,2013,23,15,4,44.00316944,-121.3446333,1,0,1,1,4,0,2,1,0,1,0,24,1,0,0,0,0,9,1,0,0,0,0,0,0,0.0,0,999,0,0,0,0,1,0,1,0,0,0,0,0,0,0,0,0,0,0,0,99,0
410088,1,0,2,35,5,6,2013,19,5,4,42.24438333,-121.7915972,1,0,1,1,4,0,1,1,0,1,1,54,2,0,0,0,0,9,1,0,0,0,0,0,0,0.0,0,999,1,0,0,0,1,0,1,0,0,0,0,0,0,0,0,0,0,0,0,99,1
410089,1,1,1,33,3,2,2013,1,14,6,42.42235,-123.3724333,8,0,1,1,4,0,2,1,0,1,1,42,2,0,0,0,0,9,0,1,0,0,0,0,0,0.0,0,999,1,0,0,0,0,0,0,1,0,0,0,0,0,0,0,0,0,0,0,99,1
410090,2,0,3,35,4,6,2013,13,15,4,42.1792,-121.7472667,12,6,2,2,1,0,1,1,0,1,0,77,0,3,0,0,0,1,2,0,0,0,0,0,0,0.0,0,999,0,0,0,0,1,0,0,0,0,0,0,0,0,0,0,0,0,1,0,99,0
410091,1,1,1,39,4,5,2013,12,16,6,43.79293056,-123.0511861,9,0,2,2,1,0,1,1,0,1,0,20,0,2,0,0,0,9,1,0,0,0,0,0,0,0.0,0,999,0,0,0,1,0,0,0,0,1,0,0,0,0,0,0,0,0,0,0,99,0
410092,1,0,1,71,5,7,2013,17,4,4,45.29926389,-123.0028056,42,0,1,1,4,0,1,2,0,1,0,17,1,0,0,0,0,0,0,0,1,0,0,0,0,0.0,0,999,0,0,0,0,0,0,0,1,0,0,0,0,0,0,0,0,0,0,0,99,0
410093,2,0,5,59,5,6,2013,8,2,3,45.83654722,-118.4202944,12,6,2,2,1,0,1,1,0,1,0,45,2,3,0,0,0,9,1,1,0,0,0,0,0,0.0,1,999,0,0,0,0,0,0,0,0,0,0,0,0,0,0,0,0,0,0,1,99,0
410094,3,0,3,19,5,6,2013,17,4,4,43.23874722,-123.4182306,12,8,1,1,1,0,1,1,0,1,1,46,3,0,0,0,0,9,1,1,0,0,0,0,0,1.0,0,999,1,0,0,1,0,0,0,0,0,0,0,0,0,0,1,0,0,0,1,99,0
410095,1,1,1,39,5,7,2013,2,12,3,44.05600833,-122.9402944,8,0,3,3,1,0,3,1,0,1,1,28,2,0,0,0,0,9,1,0,0,0,0,0,0,0.0,0,999,1,0,0,1,1,0,0,0,1,0,0,0,0,0,0,0,0,0,0,5,1
410096,3,0,3,43,5,4,2013,18,13,3,44.58921667,-123.1098444,12,1,2,2,1,0,1,10,0,1,0,30,2,1,0,0,0,9,2,1,0,0,0,0,0,0.0,0,999,0,0,0,1,0,0,0,0,0,1,0,0,0,0,0,0,0,0,1,99,0
410097,2,0,2,51,6,1,2013,22,13,2,45.56948889,-122.6150917,12,2,1,1,1,0,3,1,0,1,1,38,2,0,0,0,0,9,2,0,0,0,0,0,0,0.0,0,999,1,1,0,0,0,0,0,0,0,0,0,0,1,0,0,0,0,0,0,99,0
410098,1,0,1,39,6,5,2013,8,2,3,43.73022778,-122.4199306,24,0,1,1,5,0,1,1,0,1,0,57,1,0,0,0,0,9,0,0,0,0,1,0,0,0.0,0,999,0,1,0,0,0,0,0,1,0,0,0,0,0,0,0,0,0,0,0,99,0
410099,1,0,1,19,6,4,2013,21,6,4,43.06593889,-123.6297028,17,0,1,1,5,0,3,1,0,1,1,20,1,0,0,0,0,0,0,1,0,0,0,0,0,0.0,0,999,1,0,0,1,1,0,1,0,0,0,0,0,0,0,0,0,0,0,0,99,0
410100,1,0,1,45,6,5,2013,11,2,2,42.98540556,-117.10495,1,0,1,1,5,0,1,1,0,1,0,18,1,0,0,0,0,9,1,0,0,0,0,0,0,0.0,1,999,0,1,0,0,0,0,0,1,0,0,0,0,0,0,0,0,0,0,0,99,0